{"cameraMode":{"drawMode":0,"name":"Shaded","section":"Shading Mode"},"sceneLighting":true,"audioPlay":false,"sceneViewState":{"showFog":true,"showMaterialUpdate":true,"showSkybox":true,"showFlares":true,"showImageEffects":true,"showParticleSystems":true},"in2DMode":false,"pivot":{"x":4.524612903594971,"y":-3.2209620475769045,"z":-0.43656399846076968},"rotation":{"x":0.056248415261507037,"y":0.12011165171861649,"z":0.006816293112933636,"w":-0.991142213344574},"size":2.734590530395508,"orthographic":false}